graph_id,n,m,density,is_simple,is_connected,n_comp,n_articulation,count_rep_eigs,auto_size,orbits,symmetry_ratio,wl_rounds,wl_colors,wl_maxcell_frac,rhoA,gapA,lambda2,spec_mult_max,deg_var,read_ms,compute_ms,status,error_msg,sha1,spectral_quantity
CHH_cc_1_1_22_1,22,33,0.14285714285714285,true,true,1,0,7,12.0,0.3549502805911954,0.051265650650248004,1,1,1.0,3.0000000000000013,0.2679491924311246,0.7530203962825329,3,0.0,880.18666,6098.399017000001,ok,,bf49fd984992bf1049fa684dfeefbedcbfadbd0a,444
CHH_cc_2_1_44_1,44,75,0.07928118393234672,true,true,1,0,10,144.0,0.4731035544973556,0.03965784806830678,4,4,0.5454545454545454,4.286194764801387,0.06319159551013964,0.20979063715674984,6,0.02580904825990163,869.751379,5768.546361000001,ok,,543143fb7704a23036e872a01c65b47a5409ca0b,1814
CHH_cc_2_2_88_1,88,154,0.040229885057471264,true,true,1,0,20,41472.0,0.39986126594485855,0.03439199622887614,50,4,0.5454545454545454,4.647193200330909,0.42419003103967245,0.06409884150641379,12,0.01363091739900957,899.010545,6007.264928,ok,,cb4bf3f3bb612317ee218882b706275d321ba1d6,7264
CHH_cc_3_2_132_1,132,261,0.03018736988202637,true,true,1,0,19,2.3887872e7,0.3550585466951178,0.03293115642051072,3,4,0.5454545454545454,7.042949323686248,0.40908468290747724,0.07233485470677194,18,0.03415698030017469,899.181711,6151.936594000001,ok,,738a30ef46073378252826b1b38b18eb6fd7a90a,16298
CHH_cc_3_3_198_1,198,405,0.02076603599446239,true,true,1,0,24,2.47669456896e11,0.3278352897784647,0.030769550605271936,4,4,0.5454545454545454,7.869951227988562,1.2360865872097957,0.07905470504879154,27,0.02746131549108199,898.907378,6449.478815,ok,,8210fb06fa887ca19e55ccde743eed357d4fc7ee,36664
CHH_cc_4_3_264_1,264,606,0.017455928102315936,true,true,1,0,25,3.423782572130304e15,0.3210778171717105,0.029518706285220707,4,4,0.5454545454545454,10.430514330328139,0.9892767050542286,0.08288154744795859,36,0.04376650191708222,900.0693269999999,6519.488178,ok,,900bf668f147aa4eb532a4b82e851f8f08731105,65248
CHH_cc_4_4_352_1,352,840,0.013597513597513598,true,true,1,0,25,NaN,NaN,NaN,50,4,0.5454545454545454,12.819420373600662,3.378182748326754,0.08599055345883991,48,0.04139826537372008,897.891299,6416.971031,ok,,10d83a7cccf2cfce5eca305e62a8870655c58703,115992
CHH_cc_5_4_440_1,440,1170,0.012114309380824187,true,true,1,0,24,NaN,NaN,NaN,50,4,0.5454545454545454,15.813845118738923,3.476125047025878,0.08796408558710458,60,0.05603955977812482,905.6709870000001,6433.581903,ok,,7622375ecc538c34ff9cac5c52fc7503bd8a294f,181016
CHH_cc_5_5_550_1,550,1525,0.010101010101010102,true,true,1,0,24,NaN,NaN,NaN,50,4,0.5454545454545454,20.36300876347203,8.025288691758997,0.0896054836553216,75,0.057291646553400695,920.436385,6877.738574,ok,,ba43d3e4271183a4be3cb543dbf3ddbb5387a3f8,282832
CHH_cc_6_5_660_1,660,2025,0.009311629190233135,true,true,1,0,24,NaN,NaN,NaN,3,4,0.5454545454545454,24.324602354741504,9.051327913153399,0.09073214587809811,90,0.0715776778011736,907.409248,6944.620417,ok,,ca9f8df4e363802b3af2e888a0bd9992424ba6bd,407382
CHH_cc_6_6_792_1,792,2538,0.008102516952074474,true,true,1,0,24,NaN,NaN,NaN,3,4,0.5454545454545454,30.198257028321276,14.92498258673317,0.09169156317698905,108,0.07600598286968716,900.211304,6677.022454,ok,,007d731dd5a6c8fef7de52e77d1eed7f39c64623,586624
CHH_cc_7_6_924_1,924,3255,0.007633211858563972,true,true,1,0,24,NaN,NaN,NaN,50,4,0.5454545454545454,35.175251095020506,16.945882261688045,0.09238859873422334,126,0.09065976073899219,932.897178,6892.082225,ok,,5aa02005128e428fb2cdf8717c6b25bedba04589,797944
CHH_cc_7_7_1078_1,1078,3969,0.006837173968093188,true,true,1,0,24,NaN,NaN,NaN,7,4,0.5454545454545454,42.1245999021326,23.89523106880015,0.09299401169363171,147,0.0979739920734895,933.731443,6870.076491,ok,,8e4975efb939203f4c2b5716a70c0b58bc3e266a,1086084
Lattice_11_121,121,1210,0.16666666666666666,true,true,1,0,2,3.18670184448e15,-0.0,0.07716630299529795,1,1,1.0,20.000000000000014,11.000000000000004,10.999999999999993,100,0.0,922.9841869999999,6152.8960369999995,ok,,a349eea7c34eab3e883adde18baa3d3230aac40d,4240
Lattice_15_225,225,3150,0.125,true,true,1,0,2,NaN,-0.0,NaN,1,1,1.0,28.000000000000007,14.999999999999995,14.999999999999991,196,0.0,996.457457,6830.863718,ok,,6293f4292bc4b7c06b9af80a7269bfc66bb3ec22,11424
Lattice_20_400,400,7600,0.09523809523809523,true,true,1,0,2,NaN,-0.0,NaN,1,1,1.0,37.999999999999986,19.999999999999982,19.99999999999998,361,0.0,1040.6241810000001,7344.166116,ok,,6cb3fb67b34a1283f39568ca1d343ceb9b80ff6f,28234
Lattice_25_625,625,15000,0.07692307692307693,true,true,1,0,2,NaN,-0.0,NaN,1,1,1.0,47.99999999999999,24.999999999999986,24.999999999999975,576,0.0,1050.560759,7597.291690999999,ok,,2c6cb4a307bd05f7845792197faf43248d17964f,56544
Lattice_29_841,841,23548,0.06666666666666667,true,true,1,0,2,NaN,-0.0,NaN,1,1,1.0,56.000000000000014,29.000000000000004,28.999999999999964,784,0.0,1050.043925,7670.857556999999,ok,,f329bb7849d0b0fbad1b8eef7e552f7b8e9913ee,89488
Lattice_32_1024,1024,31744,0.06060606060606061,true,true,1,0,2,0.0,-0.0,0.0,1,1,1.0,62.000000000000014,32.0,31.999999999999964,961,0.0,1072.3879590000001,8081.516234000001,ok,,0b87eab39916469f14b46550b75a7e6426d781fb,121210
Lattice_4_16,16,48,0.4,true,true,1,0,2,1152.0,-0.0,0.22982808401171362,1,1,1.0,6.000000000000001,3.999999999999998,3.999999999999999,9,0.0,1019.431802,6768.917286,ok,,1101db89d9f0078eea85611b298f20dc96b9f911,138
Lattice_6_36,36,180,0.2857142857142857,true,true,1,0,2,1.0368e6,-0.0,0.14471054959835442,1,1,1.0,9.999999999999996,5.999999999999993,5.9999999999999964,25,0.0,1036.827137,6790.783419,ok,,040990933a4ff71c7db1fb2abb0de89415ffd820,570
Lattice_8_64,64,448,0.2222222222222222,true,true,1,0,2,3.2514048e9,-0.0,0.10675315687947806,1,1,1.0,14.0,7.999999999999994,7.999999999999989,49,0.0,1036.045522,6790.286001,ok,,353bdcc90f8fe95f258361c428a2c5ca923eef1d,1498
Lattice_9_81,81,648,0.2,true,true,1,0,2,2.633637888e11,-0.0,0.09456982637481982,1,1,1.0,16.0,8.999999999999993,8.999999999999991,64,0.0,1035.8476560000001,7011.947397,ok,,b8fc0d9adabc32a0dbd37b565307dfb65d5b0b8e,2208
Triangular_10_45,45,360,0.36363636363636365,true,true,1,0,2,3.6288e6,-0.0,0.1169760876034725,1,1,1.0,15.999999999999996,9.999999999999993,9.999999999999996,35,0.0,896.702378,5929.542908,ok,,02ce5ffdd224341e246c6e780444c23f11080106,718
Triangular_12_66,66,660,0.3076923076923077,true,true,1,0,2,4.790016e8,-0.0,0.09360279438723908,1,1,1.0,20.0,11.999999999999995,11.999999999999988,54,0.0,862.53437,6079.703537,ok,,64892858dab524e4c81231189b3b8cfac22b36aa,1318
Triangular_14_91,91,1092,0.26666666666666666,true,true,1,0,2,8.71782912e10,-0.0,0.07807273289639999,1,1,1.0,24.000000000000007,14.0,13.999999999999986,77,0.0,897.083184,6062.984592000001,ok,,5750c7f5c1a747bbc9eb69ebc83421082b86b47f,2182
Triangular_16_120,120,1680,0.23529411764705882,true,true,1,0,2,2.0922789888e13,-0.0,0.06699657089081427,1,1,1.0,27.99999999999998,15.999999999999972,15.999999999999991,104,0.0,900.6411949999999,6158.324753,ok,,b36b8876853420c1ac0a42f8d8668a8a45830550,3358
Triangular_21_210,210,3990,0.18181818181818182,true,true,1,0,2,NaN,-0.0,NaN,1,1,1.0,37.99999999999997,20.99999999999996,20.99999999999998,189,0.0,902.729941,6289.516557,ok,,47481b34e60e427a338d77faa5cb2a7786617a73,7978
Triangular_29_406,406,10962,0.13333333333333333,true,true,1,0,2,NaN,-0.0,NaN,1,1,1.0,54.00000000000001,28.999999999999986,28.999999999999975,377,0.0,920.840699,6760.863487,ok,,cb819007e0329065de531f367a02e8953912ed64,21922
Triangular_35_595,595,19635,0.1111111111111111,true,true,1,0,2,NaN,-0.0,NaN,1,1,1.0,66.00000000000001,34.99999999999997,34.99999999999996,560,0.0,945.228632,6998.6254,ok,,cc4465901450def3062a05bb705de111a0901539,39268
Triangular_40_780,780,29640,0.0975609756097561,true,true,1,0,2,NaN,-0.0,NaN,1,1,1.0,76.00000000000001,40.00000000000001,39.999999999999964,740,0.0,937.014542,6990.093298,ok,,e74c99b5dd328824682e753c5249b30c559c42e3,59278
Triangular_45_990,990,42570,0.08695652173913043,true,true,1,0,2,NaN,-0.0,NaN,1,1,1.0,86.0,44.99999999999997,44.99999999999994,945,0.0,938.27823,7634.678704999999,ok,,6659fd9fb0d8570b6d052fe22699a0efcdde3a6f,85138
Triangular_7_21,21,105,0.5,true,true,1,0,2,5040.0,-0.0,0.18786106803546043,1,1,1.0,10.00000000000001,7.000000000000009,6.999999999999998,14,0.0,898.820022,6201.953651,ok,,1079b12cf2847d256eef815156b9149a1e514248,208
cfi-100,1000,1500,0.003003003003003003,true,true,1,0,4,2.251799813685248e15,0.8595193353568099,0.005979319991265305,1,1,1.0,3.0000000000000133,0.01992046537766967,0.0248359940004543,201,0.0,108.246729,7194.292245,ok,,941cf4f8862134673af821605d05ba2b8c6a411d,874000
cfi-20,200,300,0.01507537688442211,true,true,1,0,4,2048.0,0.8168463710930609,0.008832641861381753,1,1,1.0,3.000000000000008,0.03313591528548665,0.07113537800797459,41,0.0,108.20915000000001,6676.302575000001,ok,,4f8c893fd10d1a296cff808d9dc5e7bb354494fb,34800
cfi-22,220,330,0.0136986301369863,true,true,1,0,4,4096.0,0.8200828580682782,0.008573123585882615,1,1,1.0,3.0000000000000018,0.028572204742671303,0.04804013423079648,45,0.0,106.913012,6751.241599,ok,,6b6394e95b31abde61b2d577ff3837061cb78ad6,42130
cfi-40,400,600,0.007518796992481203,true,true,1,0,4,2.097152e6,0.8380352507881668,0.007276223800588142,1,1,1.0,3.000000000000001,0.022429087213850174,0.04243649196329479,81,0.0,107.417315,6823.765894,ok,,b0c76e6bac01882d20421ce10aee6023df6e9bdf,139600
cfi-50,500,750,0.006012024048096192,true,true,1,0,4,6.7108864e7,0.8438508048431391,0.0069013964265501855,1,1,1.0,3.0000000000000027,0.025623201610354585,0.03186451287665879,101,0.0,110.145454,6857.938481,ok,,54cfe7e3ef5f68dc5c6a79e7f9ddf416f056463f,218250
cfi-60,600,900,0.005008347245409015,true,true,1,0,4,2.147483648e9,0.8483012780994643,0.006627309643597575,1,1,1.0,3.0000000000000053,0.01904827596019354,0.024210429325453194,121,0.0,110.011781,6705.427203,ok,,2fa9434545da3e1985a754c6ccda6634b798be7c,314400
cfi-70,700,1050,0.004291845493562232,true,true,1,0,4,6.8719476736e10,0.8518708360828713,0.006414810771667381,1,1,1.0,3.000000000000025,0.02125744013163189,0.02405668663458423,141,0.0,110.77343300000001,7070.4918020000005,ok,,d2fe4293cc314b2ee944c0da305dfc5ab53dc696,428050
cfi-80,800,1200,0.0037546933667083854,true,true,1,0,4,2.199023255552e12,0.8548298551481472,0.006243264939425145,1,1,1.0,2.9999999999999947,0.01825043285442396,0.0182504328515629,161,0.0,117.718586,7279.279825,ok,,76916ea9f84dc50ff144b1e09f9526a12e561c45,559200
cfi-90,900,1350,0.0033370411568409346,true,true,1,0,4,7.0368744177664e13,0.8573434670366452,0.006100625595815353,1,1,1.0,2.9999999999999982,0.019734190079482072,0.019734190071480192,181,0.0,108.540436,7135.540384,ok,,4a783186747086933e16252b1f113cb1491035d5,707850
exact_001,19,64,0.3742690058479532,true,true,1,0,0,2.0,0.7769810294421323,0.01761945147732497,50,10,0.10526315789473684,6.8620386134385285,3.2900044023132633,2.9499309182762503,1,0.04458161865569272,121.94580500000001,6719.663578,ok,,01d5dfb9250f710bb4e347b8e526d927b077492a,342
exact_024,40,89,0.1141025641025641,true,false,3,6,2,24.0,0.958873516580514,0.0288074275001038,50,36,0.075,7.350407437676222,3.6187579201096396,4.48330046187033e-18,3,0.31146850081761324,127.165323,6664.496763,ok,,f09ae8b50d115e4c711217a3e431c4c9da3c73c3,1554
exact_051,62,442,0.23373876255949233,true,false,2,4,2,6.63552e6,0.8888841397206328,0.07978997439512427,50,45,0.0967741935483871,24.2012514579733,15.115242498391236,1.226536436126379e-14,16,1.0,126.070491,6883.979683,ok,,bb4c772e0f6c84ba01b77ee2999e1521d1731940,3522
exact_061,80,130,0.04113924050632911,true,false,6,17,2,73728.0,0.937697458490136,0.040954470607479435,50,65,0.0375,4.8250000976424126,1.003813438362585,5.1786054714462533e-17,16,0.029368873456258025,112.82444699999999,6377.417033000001,ok,,c372f9908c5187493b2f04c29371939be98cabdb,6076
exact_074,141,6607,0.6694022289766971,true,true,1,0,0,1.0,1.0000000000000004,0.0,50,141,0.0070921985815602835,97.18352614986347,61.79411725754437,13.952237094835988,1,1.0,118.698802,6585.274717,ok,,02ec65f6b5ba39cd47094de8542d19704c6b7273,19740
exact_089,200,14834,0.7454271356783919,true,true,1,0,0,1.0,0.9999999999999971,0.0,50,200,0.005,148.57068367357053,135.75852247697472,127.93149847736356,1,0.17407001675887837,126.42728,6788.707625999999,ok,,c59550ff9d32f9a579462318b989b65b0ccb5465,39800
exact_092,478,8562,0.07510328675561169,true,true,1,4,2,4.0,0.9990598442806258,0.0005601013164228572,50,476,0.0041841004184100415,67.45666827457782,17.672898244675885,0.9724861789781372,146,1.0,125.05654799999999,6804.100614,ok,,9bdb3df5996da634ef67c12258d023411ae6b3c2,190356
exact_093,700,5977,0.024430819538115676,true,true,1,0,0,2.0,0.8941934543449073,0.0001781891881018717,50,350,0.002857142857142857,17.264120498894485,3.567147652006618,3.0641707706920633,1,0.002127132419257611,121.964107,7352.3433430000005,ok,,e134b7b0c4b5eb4588ba82fb7a51d40add1a441f,489300
exact_094,822,4518,0.013389404055940326,true,true,1,0,0,1.0,0.9999999999999885,0.0,50,822,0.0012165450121654502,23.090089248017385,3.982565034025459,1.079236975099011,1,0.19159526580047842,120.743178,8074.531849999999,ok,,4839ea23c3dcea84a0d9bd37cde8aceba6f3bc69,674862
exact_104,1024,4916,0.009385691593352884,true,true,1,37,3,0.0,0.9639429538622886,0.0,50,910,0.017578125,28.645244266866367,8.0058755057171,0.5618265725573752,94,0.26614402176160107,119.649383,7975.200958,ok,,c86f1e43592ed63283e5534f30b11d16a195859c,1030798
exact_105,1048,12856,0.02343300013852738,true,true,1,0,1,725760.0,0.9970966005008296,0.002160973867805285,50,1039,0.008587786259541985,28.96830863353498,0.842421407338577,0.311709780490709,9,0.07936239941863094,127.69128399999998,8059.1354360000005,ok,,2fd41b723effa8843672a4885813aaab19c7d2aa,1097184
iso_r01N_m1000,1000,94913,0.190016016016016,true,true,1,0,0,1.0,1.000000000000017,0.0,50,1000,0.001,190.60070009865592,166.00109536576994,147.8172257553264,1,0.14731522788528748,940.568554,8174.769087,ok,,519e54c71be1efc02b3d01b6c861a63c702d7480,999000
iso_r01N_m200,200,3787,0.19030150753768843,true,true,1,0,0,1.0,0.9999999999999971,0.0,50,200,0.005,38.821580623621244,27.747394136522935,22.335113545105514,1,0.1775149325577916,906.152571,6423.327883,ok,,5568548e7f588f73625031cbabccf5e55c60bed9,39800
iso_r01N_m400,400,15206,0.19055137844611528,true,true,1,0,0,1.0,0.9999999999999948,0.0,50,400,0.0025,76.76549386575678,60.725560822826736,55.049447753893524,1,0.13964245227801828,914.61924,6676.542937,ok,,5dd7205590b6bab257d51cd09abfe36fdd52ab66,159600
iso_r01N_m600,600,34095,0.18973288814691153,true,true,1,0,0,1.0,0.9999999999999941,0.0,50,600,0.0016666666666666668,114.46636818774967,95.17481122377518,85.33882156261095,1,0.15451713206625445,926.960684,7183.487981,ok,,d74dc17382ddc1d194386b276ad81e07fc50daee,359400
iso_r01N_m800,800,60799,0.19023466833541927,true,true,1,0,0,1.0,1.0000000000000178,0.0,50,800,0.00125,152.77506226617226,130.64646504425374,114.56571902619697,1,0.1480858703379804,936.5229320000001,7415.21662,ok,,694eacb82bf878393882fbd60832d79e7d8c4ffa,639200
iso_r01N_s100,100,932,0.18828282828282827,true,true,1,0,0,1.0,0.9999999999999979,0.0,50,100,0.01,19.546476515757703,12.02840223587596,8.112885132182056,1,0.17922722789573112,989.1872940000001,6695.233112999999,ok,,50f06a33747b90af9dbf4714682d1e71feef6daa,9900
iso_r01N_s20,20,40,0.21052631578947367,true,true,1,1,0,1.0,1.0,0.0,50,20,0.05,4.624853402994483,1.0797265320148108,0.6255208505994169,1,0.16328910919959178,963.050732,6515.05576,ok,,fc73dd272f4d91ea0f242fb44ee722dd27d8eebc,380
iso_r01N_s40,40,150,0.19230769230769232,true,true,1,0,0,1.0,1.000000000000001,0.0,50,40,0.025,8.294589823051814,3.4521617094581964,1.7000879611654982,1,0.13756132099327367,945.5875299999999,6708.6220299999995,ok,,de9b4a421dd0fc4c0e205423dbac4f7a490b1fc3,1560
iso_r01N_s60,60,337,0.1903954802259887,true,true,1,0,0,1.0,1.0000000000000004,0.0,50,60,0.016666666666666666,12.220086045222827,6.284492047277952,4.044771957318172,1,0.18367992832762844,934.9457880000001,6741.273144,ok,,9b6d9c01da3b2210d177892ada277fc90f305955,3540
iso_r01N_s80,80,606,0.19177215189873417,true,true,1,0,0,1.0,0.9999999999999978,0.0,50,80,0.0125,16.027887640164327,9.079382247199042,5.7921347097460645,1,0.16488756467541105,1013.215414,6600.486473,ok,,44cca8cd881354bbe2fa2c44978f85aee5828f24,6320
k-1000,1000,499500,1.0,true,true,1,0,1,0.0,-0.0,0.0,1,1,1.0,999.0000000000005,998.0000000000003,999.9999999999969,999,0.0,536.079799,7011.579528,ok,,7bb919c28085732df54c8397e32bf9f67e09624e,1998
k-125,125,7750,1.0,true,true,1,0,1,0.0,-0.0,0.0,1,1,1.0,124.00000000000004,123.00000000000001,124.99999999999989,124,0.0,118.556847,6582.07138,ok,,95d9614f74f2e37c6f2d2e1fb8b9fd9973346b63,248
k-16,16,120,1.0,true,true,1,0,1,2.0922789888e13,-0.0,1.0,1,1,1.0,14.999999999999995,13.99999999999999,15.999999999999996,15,0.0,109.080002,6275.922508,ok,,0d847b00fcd20348e1be028b4d0bacc855fff578,30
k-250,250,31125,1.0,true,true,1,0,1,0.0,-0.0,0.0,1,1,1.0,249.0000000000001,248.00000000000003,249.9999999999997,249,0.0,167.94313,6841.692265,ok,,eccadc9678758f4d6b9d1a55da12340a204d1842,498
k-36,36,630,1.0,true,true,1,0,1,NaN,-0.0,1.0,1,1,1.0,34.999999999999986,33.99999999999998,35.99999999999998,35,0.0,114.08639600000001,6650.141789,ok,,8883b802ed3ef7fa70bf922007d8d899ac91bd27,70
k-400,400,79800,1.0,true,true,1,0,1,0.0,-0.0,0.0,1,1,1.0,398.99999999999966,397.99999999999955,399.99999999999943,399,0.0,217.53528699999998,6477.038461,ok,,389939b957d7366c2edeb5000ad8b769b72431a8,798
k-500,500,124750,1.0,true,true,1,0,1,0.0,-0.0,0.0,1,1,1.0,498.99999999999983,497.9999999999997,499.9999999999989,499,0.0,237.76734499999998,6818.960942000001,ok,,8a8087d3ce5cc71a41d60b81d81c3e2eff5b6304,998
k-64,64,2016,1.0,true,true,1,0,1,0.0,-0.0,0.0,1,1,1.0,62.99999999999996,61.99999999999994,63.99999999999995,63,0.0,110.890908,6203.48546,ok,,31330e091673c4be4dbaba9f52738241a4c127b1,126
k-750,750,280875,1.0,true,true,1,0,1,0.0,-0.0,0.0,1,1,1.0,748.9999999999987,747.9999999999985,749.999999999998,749,0.0,367.191399,6980.922320000001,ok,,2b6df3bd0ea5abefa0de3138f82a3dd8ce8015fd,1498
k-81,81,3240,1.0,true,true,1,0,1,0.0,-0.0,0.0,1,1,1.0,80.00000000000003,79.0,80.99999999999993,80,0.0,127.862528,6928.528903,ok,,5a643b661e332ada7d70d79a32ff599f21abf6de,160
latin_10_100,100,1350,0.2727272727272727,true,true,1,0,2,2400.0,-0.0,0.02139780441545048,1,1,1.0,26.99999999999998,19.99999999999997,19.999999999999986,72,0.0,977.0090839999999,6841.030932,ok,,bad9e07a8757831238f86ed3e5f6f14bb5fb6505,4086
latin_11_121,121,1815,0.25,true,true,1,0,2,7260.0,-0.0,0.019217418801648737,1,1,1.0,30.00000000000001,22.000000000000007,21.999999999999993,90,0.0,880.41865,6446.270053,ok,,d84afb1836aa2f4d885356c9d04480b0be49878f,5640
latin_12_144,144,2376,0.23076923076923078,true,true,1,0,2,3456.0,-0.0,0.014168785864006963,1,1,1.0,32.999999999999986,23.99999999999998,23.999999999999982,110,0.0,909.815765,6251.358854,ok,,d025ab0f2ee92140647afa10c843bc56e394e3fc,7546
latin_13_169,169,3042,0.21428571428571427,true,true,1,0,2,12168.0,-0.0,0.013410415042483463,1,1,1.0,36.0,25.999999999999986,25.999999999999986,132,0.0,914.05257,6245.439655,ok,,2246d003631cc29275f84ad6c2ca8bac21925e0d,9840
latin_14_196,196,3822,0.2,true,true,1,0,2,7056.0,-0.0,0.010523644393332808,1,1,1.0,38.99999999999999,27.99999999999999,27.999999999999986,156,0.0,911.0986479999999,6302.768824,ok,,b7fdb56fa083ba42280e6688f3510b2c04eaef6b,12558
latin_15_225,225,4725,0.1875,true,true,1,0,2,10800.0,-0.0,0.00931291239155589,1,1,1.0,41.999999999999986,29.99999999999997,29.99999999999999,182,0.0,906.291388,6483.387085,ok,,cdc7d86bbea1890b8ebdb76509bf06988d4c7b11,15736
latin_16_256,256,5760,0.17647058823529413,true,true,1,0,2,12288.0,-0.0,0.008067097655609258,1,1,1.0,45.000000000000014,32.0,31.999999999999982,210,0.0,912.281117,6546.363782,ok,,c003cf8c6968c0865b1ef626bc2e1cd93f3f33b0,19410
latin_17_289,289,6936,0.16666666666666666,true,true,1,0,2,27744.0,-0.0,0.007565184122070976,1,1,1.0,48.000000000000014,34.0,33.999999999999964,240,0.0,919.488196,6490.1090779999995,ok,,507b34e989913b561ef0626c793de49b165eadb7,23616
latin_18_324,324,8262,0.15789473684210525,true,true,1,0,2,11664.0,-0.0,0.0060306804229064105,1,1,1.0,50.99999999999994,35.99999999999993,35.999999999999986,272,0.0,922.5288889999999,6512.004162,ok,,3ea1f6b781285ba1056b2270bf715397a402091b,28390
latin_19_361,361,9747,0.15,true,true,1,0,2,38988.0,-0.0,0.005976547190737427,1,1,1.0,53.99999999999996,37.99999999999994,37.99999999999998,306,0.0,1046.493351,7419.0203520000005,ok,,a3b6d4bc9cd9f3b02523978bd0d7f39ddc06e3f6,33768
latin_20_400,400,11400,0.14285714285714285,true,true,1,0,2,19200.0,-0.0,0.0049300985338114065,1,1,1.0,57.00000000000003,40.00000000000002,39.99999999999997,342,0.0,992.3035209999999,7259.474656,ok,,b433386eb9e004323c6090d768dbcc7f4b540345,39786
latin_21_441,441,13230,0.13636363636363635,true,true,1,0,2,31752.0,-0.0,0.004610604673255514,1,1,1.0,60.00000000000003,42.000000000000014,41.999999999999964,380,0.0,1056.605415,7422.016288,ok,,0b484dc93b48ea29525910ac0607b7548520b95d,46480
latin_22_484,484,15246,0.13043478260869565,true,true,1,0,2,29040.0,-0.0,0.004090708537380689,1,1,1.0,62.99999999999997,43.99999999999995,43.99999999999996,420,0.0,1047.513603,7662.445809,ok,,0fcaf2557d0458208ad111078329e7a2ebe25087,53886
latin_23_529,529,17457,0.125,true,true,1,0,2,69828.0,-0.0,0.003994327644281971,1,1,1.0,66.0,46.0,45.99999999999998,462,0.0,1092.0269190000001,7583.639489,ok,,f169fdfcf61e0125eaac5b0c5ad35d6720ee4f17,62040
latin_24_576,576,19872,0.12,true,true,1,0,2,27648.0,-0.0,0.003310649526280828,1,1,1.0,69.0,47.99999999999998,47.99999999999994,506,0.0,1045.5397879999998,7662.437354,ok,,68bf087754af11355dc6f80e4f86ca3e0d6564fc,70978
latin_25_625,625,22500,0.11538461538461539,true,true,1,0,2,75000.0,-0.0,0.0032988907114530146,1,1,1.0,71.99999999999997,49.999999999999964,49.999999999999964,552,0.0,914.5438839999999,6999.410086,ok,,cc68ba07a4e266a270f69f4e91c1726aebf56982,80736
latin_26_676,676,25350,0.1111111111111111,true,true,1,0,2,48672.0,-0.0,0.002891106785286789,1,1,1.0,75.0,51.999999999999986,51.99999999999996,600,0.0,937.9877690000001,7280.716670000001,ok,,938c3e7e95474471a4bd1ae34508c70317a49d3f,91350
latin_27_729,729,28431,0.10714285714285714,true,true,1,0,2,78732.0,-0.0,0.0027628184097138945,1,1,1.0,77.99999999999997,53.999999999999936,53.99999999999996,650,0.0,945.252243,6968.744994,ok,,9d8bbf700d6a1680f0afaac9c21385bb3a568c98,102856
latin_28_784,784,31752,0.10344827586206896,true,true,1,0,2,56448.0,-0.0,0.0024613523178751303,1,1,1.0,81.00000000000004,56.000000000000036,55.99999999999997,702,0.0,925.680078,6860.103838,ok,,df4f66c96358b72acc2bddd4e2330019beda5836,115290
latin_29_841,841,35322,0.1,true,true,1,0,2,141288.0,-0.0,0.002456673755254401,1,1,1.0,83.99999999999997,57.999999999999936,57.999999999999964,756,0.0,945.150264,6939.614004,ok,,4d5af747d437070280e178474945fcf8ef33bda2,128688
latin_2_4,4,6,1.0,true,true,1,0,1,24.0,-0.0,1.0,1,1,1.0,3.0,1.9999999999999998,3.9999999999999996,3,0.0,929.587258,6124.937321,ok,,e4d1d1deabe473a7085686aaa4e65b008817f176,6
latin_30_900,900,39150,0.0967741935483871,true,true,1,0,2,43200.0,-0.0,0.0020422167371834422,1,1,1.0,87.00000000000003,60.00000000000001,59.99999999999997,812,0.0,936.986871,6893.000615,ok,,e17340fdebaf593ee5e7a55bea47329075ae689e,143086
latin_31_961,961,43245,0.09375,true,true,1,0,2,172980.0,-0.0,0.002137145681736719,1,1,1.0,90.0,61.999999999999986,61.999999999999964,870,0.0,928.750367,7519.638801,ok,,169ef2be57409bb58c3079e673df50bb3b25ddac,158520
latin_32_1024,1024,47616,0.09090909090909091,true,true,1,0,2,98304.0,-0.0,0.0018913161000375398,1,1,1.0,93.00000000000004,64.00000000000003,63.99999999999995,930,0.0,1085.2560369999999,7891.542657,ok,,63f29f6ab2087ba44ce458a88be1eef2b611b736,175026
latin_3_9,9,27,0.75,true,true,1,0,3,1296.0,-0.0,0.5598449040235473,1,1,1.0,5.999999999999999,2.9999999999999987,6.0,4,0.0,1066.990193,6933.745723,ok,,5d55b15f46606e7acd585e29f012849a2e274854,56
latin_4_16,16,72,0.6,true,true,1,0,2,192.0,-0.0,0.17141103779961123,1,1,1.0,9.000000000000002,6.0,7.999999999999997,9,0.0,1075.862772,7170.445016000001,ok,,99bcb52277338659f6f560fc52a90d09cfc1e04c,138
latin_5_25,25,150,0.5,true,true,1,0,2,600.0,-0.0,0.11028503539779522,1,1,1.0,12.000000000000009,9.0,9.999999999999998,12,0.0,1069.943847,6983.397225,ok,,647b1a31ac1df7c7855cd1c705354222b4ea8cd7,336
latin_6_36,36,270,0.42857142857142855,true,true,1,0,2,432.0,-0.0,0.06339787874659714,1,1,1.0,14.999999999999993,11.99999999999999,11.999999999999993,20,0.0,1083.47651,7233.798250000001,ok,,fa7ccbeb184051f8ca58ed589a15006f3ea44489,670
latin_7_49,49,441,0.375,true,true,1,0,2,1764.0,-0.0,0.05170892517484076,1,1,1.0,18.0,13.999999999999996,13.999999999999996,30,0.0,924.924653,6287.642256,ok,,25f73a0cd02fcfc6a2ff58f0e97c20e8cb11b010,1176
latin_8_64,64,672,0.3333333333333333,true,true,1,0,2,1536.0,-0.0,0.03576059512248329,1,1,1.0,21.00000000000001,16.000000000000007,15.999999999999986,42,0.0,924.2270599999999,6332.154566,ok,,06548b39f9bd0095763d5f9e87ababcf858ce72b,1890
latin_9_81,81,972,0.3,true,true,1,0,2,2916.0,-0.0,0.02869075309437146,1,1,1.0,24.0,17.999999999999993,17.999999999999986,56,0.0,888.809996,6191.950343,ok,,f27bced71dd54ea316230954faef8bae906720fd,2848
paley_power_121,121,3630,0.5,true,true,1,0,2,14520.0,-0.0,0.020715764945824562,1,1,1.0,60.00000000000004,54.00000000000002,54.999999999999964,60,0.0,915.3599300000001,6269.768852,ok,,c23bf4e40097c8c2eac8f7720b7b224ee383c48a,7440
paley_power_169,169,7098,0.5,true,true,1,0,2,28392.0,-0.0,0.014618360362905217,1,1,1.0,84.00000000000003,77.00000000000001,77.99999999999993,84,0.0,922.961246,6075.581106,ok,,2cf4e22298c966be8eb2085b6e0ac15eb9043ceb,14448
paley_power_25,25,150,0.5,true,true,1,0,2,600.0,-0.0,0.11028503539779522,1,1,1.0,11.999999999999996,8.999999999999993,9.999999999999996,12,0.0,912.1339979999999,6251.26066,ok,,ff5a327c6151a56ac45b5259635a550d7e787c85,336
paley_power_289,289,20808,0.5,true,true,1,0,2,83232.0,-0.0,0.008377557020543453,1,1,1.0,143.99999999999997,134.99999999999994,135.99999999999991,144,0.0,946.2341210000001,6730.081674,ok,,c07fa62767a23049cc5c850fd35a4aa38edf3147,42048
paley_power_361,361,32490,0.5,true,true,1,0,2,129960.0,-0.0,0.00665723908639084,1,1,1.0,180.0,170.0,170.99999999999986,180,0.0,961.982844,6755.527581,ok,,69e5a183bb0257260d9b01fd183e34f29f4ed3c3,65520
paley_power_49,49,588,0.5,true,true,1,0,2,2352.0,-0.0,0.053698899179737476,1,1,1.0,24.0,19.999999999999993,20.99999999999999,24,0.0,898.854947,6070.721177,ok,,936083aead69ca584d5f15b2d00dc257819ff42d,1248
paley_power_529,529,69828,0.5,true,true,1,0,2,279312.0,-0.0,0.004490778959374766,1,1,1.0,263.9999999999997,251.9999999999997,252.99999999999983,264,0.0,1591.660372,10981.280064,ok,,339ec06f2f21dd9a4a498f920e6bb42b21bf22d3,140448
paley_power_625,625,97500,0.5,true,true,1,0,2,780000.0,-0.0,0.003987103977908784,1,1,1.0,312.0000000000001,299.0000000000001,299.99999999999966,312,0.0,1693.495407,11993.802591,ok,,4bdd5ca839e9365c3a162d7ae2a5beb4898a80f6,195936
paley_power_729,729,132678,0.5,true,true,1,0,2,1.592136e6,-0.0,0.0034996763735426917,1,1,1.0,364.0000000000005,350.0000000000004,350.99999999999955,364,0.0,946.4997520000001,12815.02607,ok,,d86264427723ca586faf780de0346eb36993a11a,266448
paley_power_81,81,1620,0.5,true,true,1,0,2,12960.0,-0.0,0.03405511420387571,1,1,1.0,40.0,34.999999999999986,35.999999999999986,40,0.0,901.708666,6044.742047,ok,,d43674ab6beaf1605a52bfa49e06c07400760647,3360
paley_power_841,841,176610,0.5,true,true,1,0,2,706440.0,-0.0,0.002790092427850541,1,1,1.0,420.0000000000001,405.0000000000001,405.9999999999994,420,0.0,1323.794729,9267.70477,ok,,67feb5118db2bac3157240acb0d9aa0be36904ec,354480
paley_power_9,9,18,0.5,true,true,1,0,2,72.0,-0.0,0.33406684519613905,1,1,1.0,3.9999999999999987,1.9999999999999978,2.9999999999999987,4,0.0,1552.297979,10522.852184,ok,,cb3aa9ef914cab13b630a4924d106d96c9b82664,48
paley_power_961,961,230640,0.5,true,true,1,0,2,922560.0,-0.0,0.0024337671804631872,1,1,1.0,480.00000000000006,464.00000000000006,464.99999999999943,480,0.0,1652.713072,12527.807264,ok,,0b274b6a3d2409aea44050d6d4216fcd58994981,462720
paley_prime_1009,1009,254268,0.5,true,true,1,0,2,508536.0,-0.0,0.00219928645762927,1,1,1.0,503.99999999999943,487.61761982573074,488.61761982573086,504,0.0,991.135535,6948.263212,ok,,fd38b40f353057329320978b450f185b369effa1,510048
paley_prime_13,13,39,0.5,true,true,1,0,2,78.0,-0.0,0.19318362774693115,1,1,1.0,5.999999999999999,3.6972243622680048,4.697224362268005,6,0.0,873.024117,6174.396101,ok,,1b6d07a33cab452e0bc904d64814a0d54df744cd,96
paley_prime_197,197,9653,0.5,true,true,1,0,2,19306.0,-0.0,0.011645892222423968,1,1,1.0,98.00000000000001,90.48216557619091,91.48216557619084,98,0.0,1017.3561229999999,7699.840164,ok,,88ec960ba1bfc35110caae4928ceb3b937dd1f29,19600
paley_prime_29,29,203,0.5,true,true,1,0,2,406.0,-0.0,0.08429136611148248,1,1,1.0,14.000000000000009,10.807417596432751,11.807417596432742,14,0.0,1044.11619,7092.763967,ok,,e7a34a9696a801ad088116e0231a8f2e1643b4a5,448
paley_prime_337,337,28308,0.5,true,true,1,0,2,56616.0,-0.0,0.0067215734550411885,1,1,1.0,168.0,158.32122012465703,159.32122012465695,168,0.0,954.506588,6326.992284,ok,,2757ae4810ef1253126c2fb86f5eae2a2314d0e5,57120
paley_prime_509,509,64643,0.5,true,true,1,0,2,129286.0,-0.0,0.004412535382691223,1,1,1.0,254.0,242.21948582732148,243.2194858273213,254,0.0,968.703846,6507.312723,ok,,ac1d336af5ee737aa61a9f1913cb71642994a4ca,130048
paley_prime_53,53,689,0.5,true,true,1,0,2,1378.0,-0.0,0.04508412391265026,1,1,1.0,25.99999999999997,21.85994505535971,22.859945055359734,26,0.0,914.648227,6295.148544,ok,,22799a06a5b610dd4a7e61ae45db79db97427969,1456
paley_prime_661,661,109065,0.5,true,true,1,0,2,218130.0,-0.0,0.003381301226679838,1,1,1.0,329.99999999999994,316.64503986781745,317.6450398678173,330,0.0,966.2080960000001,6488.192185,ok,,7f4ca18488ecd01da9a3e265d00f514a78de9309,219120
paley_prime_73,73,1314,0.5,true,true,1,0,2,2628.0,-0.0,0.03236739275034741,1,1,1.0,36.00000000000004,31.227998127341262,32.22799812734122,36,0.0,1072.0294669999998,7235.282536,ok,,0db6a7cf9e3400fd0989df02f126425b7c04f291,2736
paley_prime_797,797,158603,0.5,true,true,1,0,2,317206.0,-0.0,0.0027951421851394355,1,1,1.0,397.9999999999996,383.38440578650636,384.3844057865064,398,0.0,1107.816863,8847.696815000001,ok,,116da38a1881f56ebc5036e49ead3a084ba49e77,318400
paley_prime_953,953,226814,0.5,true,true,1,0,2,453628.0,-0.0,0.0023306591460720157,1,1,1.0,475.9999999999999,460.0646509595666,461.0646509595663,476,0.0,1114.186082,9061.945067,ok,,5a027454209b9c1e0a39e32b0f4fe58649b4e4f5,455056
paley_prime_97,97,2328,0.5,true,true,1,0,2,4656.0,-0.0,0.024134340915020498,1,1,1.0,48.00000000000001,42.57557109910194,43.5755710991019,48,0.0,3432.798487,23136.91107,ok,,35b037cda3a114b52dab32af293f3fa83d3e29d4,4800
sts_19_57,57,684,0.42857142857142855,true,true,1,0,2,3.0,0.7425729924463781,0.006228107399292564,1,1,1.0,24.000000000000004,19.0,18.99999999999999,38,0.0,880.771321,6079.7634069999995,ok,,e3230d1ab2dceff44f4cfcc5179536bb8f8b097e,1480
sts_25_100,100,1650,0.3333333333333333,true,true,1,0,2,3.0,0.7709817977345617,0.0030203281868786563,1,1,1.0,33.00000000000002,25.000000000000018,24.999999999999975,75,0.0,1033.103069,6890.733002,ok,,350fe10f98db6870f45b62095cf53333dfef3634,3798
sts_31_155,155,3255,0.2727272727272727,true,true,1,0,2,3.0,0.7891961994210235,0.0017433528401428456,1,1,1.0,42.00000000000001,31.0,30.999999999999986,124,0.0,977.434609,6598.710150999999,ok,,fdafe76d8ca9b13d23e7ac307702a83ef9772443,7748
sts_37_222,222,5661,0.23076923076923078,true,true,1,0,2,3.0,0.8021499362081795,0.0011198730432584573,1,1,1.0,51.0,36.999999999999986,36.99999999999997,185,0.0,1002.205566,6984.935681999999,ok,,b844a525e718591b10d7ed62e4752a60c5afe509,13762
sts_43_301,301,9030,0.2,true,true,1,0,2,3.0,0.8119778458979819,0.0007733368056179429,1,1,1.0,59.999999999999986,42.99999999999997,42.99999999999997,258,0.0,1010.324832,6919.586227,ok,,36b81b7deaff988809d0d60c9e0f44400353c1ed,22272
sts_49_392,392,13524,0.17647058823529413,true,true,1,0,2,3.0,0.8197714890771796,0.0005626293700694979,1,1,1.0,69.00000000000007,49.000000000000064,48.999999999999964,343,0.0,1019.8045520000001,7001.743369,ok,,544452ae27dc9f832793e6715ff60f3884fc8efc,33710
sts_55_495,495,19305,0.15789473684210525,true,true,1,0,2,3.0,0.8261540046753192,0.0004257729247860254,1,1,1.0,77.99999999999997,54.99999999999996,54.99999999999997,440,0.0,1011.6352989999999,7023.545440999999,ok,,5c898649523654075059bc8e19bdf95c80efb1a8,48508
sts_61_610,610,26535,0.14285714285714285,true,true,1,0,2,3.0,0.831510225860052,0.0003322748703069226,1,1,1.0,87.00000000000001,61.000000000000014,60.999999999999964,549,0.0,1019.2936370000001,7266.132963999999,ok,,00ce978deca810447cce25bc75669424da287650,67098
sts_67_737,737,35376,0.13043478260869565,true,true,1,0,2,3.0,0.8360922856309123,0.0002657936629063001,1,1,1.0,96.0,66.99999999999999,66.99999999999996,670,0.0,1014.5061339999999,7435.258906,ok,,902b805a6804fddc22eff222692c128e7db20fc7,89912
sts_73_876,876,45990,0.12,true,true,1,0,2,3.0,0.8400731723247788,0.00021696580253216492,1,1,1.0,105.00000000000006,73.00000000000006,72.99999999999993,803,0.0,928.96115,7327.35863,ok,,55814a8855c6e2f8b89c6b5c8336aa18ec6ecc27,117382
sts_79_1027,1027,58539,0.1111111111111111,true,true,1,0,2,3.0,0.8435760497756999,0.00018012954575763983,1,1,1.0,114.0,78.99999999999999,78.99999999999994,948,0.0,886.873594,7440.93302,ok,,6f2418f6aacc0eda440f3cffd3741279a5b162a8,149940
tnn_11_286_1,286,6072,0.14898785425101216,true,true,1,0,13,NaN,NaN,NaN,50,3,0.46153846153846156,72.93709706152472,0.18997490695113584,3.817229495145868,44,1.0,921.324973,6678.357792,ok,,a9bbc22cbef1eb9ab2f6b1e71e7501b3f7f67308,73686
tnn_11_286_2,286,6072,0.14898785425101216,true,true,1,0,12,NaN,NaN,NaN,50,3,0.46153846153846156,72.93709706152472,0.18997490695116426,3.8172294951458543,67,1.0,908.087125,6798.400656,ok,,63ef7736c61b6a13eb7b9ad1e6c58344eca79853,73836
tnn_16_416_1,416,12672,0.14680259499536608,true,true,1,0,13,NaN,NaN,NaN,4,3,0.46153846153846156,107.51669503440559,0.12887598653247778,3.8744864493059907,94,1.0,918.45641,6939.152521,ok,,edd828ef9d8473e5cdb3a6c34aeca7e2063c6ec1,151602
tnn_16_416_2,416,12672,0.14680259499536608,true,true,1,0,12,NaN,NaN,NaN,4,3,0.46153846153846156,107.51669503440553,0.12887598653246357,3.874486449305968,97,1.0,930.662536,6826.754666,ok,,6d69ff6a6b7b0fe6ca2a2ff95999383a220a3ffe,156056
tnn_1_26_1,26,72,0.22153846153846155,true,true,1,0,4,128.0,0.7217936222763713,0.07920168921928845,2,3,0.46153846153846156,5.848674068513725,0.0,2.1833007368394592,4,0.11059200000000002,925.142887,6132.807993,ok,,dd07c6c128ddf47db352c63c58d31c41cbd75fd1,614
tnn_1_26_2,26,72,0.22153846153846155,true,true,1,0,8,2048.0,0.45995232559530896,0.12445979734459615,2,3,0.46153846153846156,5.8486740685137235,0.0,2.183300736839457,5,0.11059200000000001,932.977935,6286.7121529999995,ok,,314f97342300762aff40d6b5e99d398bfdd9c3e3,612
tnn_23_598_1,598,25944,0.1453420950908388,true,true,1,0,13,NaN,NaN,NaN,5,3,0.46153846153846156,155.97387112387014,0.0888377355069565,3.9127745357376686,135,1.0,1093.175594,8073.081694,ok,,37ea29de62318efa6e0cb656ca9535d414b64204,313190
tnn_23_598_2,598,25944,0.1453420950908388,true,true,1,0,12,NaN,NaN,NaN,5,3,0.46153846153846156,155.9738711238701,0.08883773550701335,3.9127745357375407,139,1.0,1073.8789259999999,7999.539132,ok,,fce323bddfd59d9fd6c4429487fac966567b221f,312732
tnn_2_52_1,52,240,0.18099547511312217,true,true,1,0,13,65536.0,0.5951729301954896,0.07092795837611386,3,3,0.46153846153846156,11.593974498532813,1.194290594529301,3.0266935354948217,8,0.5210665581111338,1057.316364,7210.743060000001,ok,,01e5b9570757b5e5d6188c68370fdbd1a1e7cbaf,2442
tnn_2_52_2,52,240,0.18099547511312217,true,true,1,0,11,786432.0,0.5418250296892018,0.08682008781555631,3,3,0.46153846153846156,11.593974498532816,1.1942905945293028,3.026693535494824,8,0.5210665581111338,1066.8043220000002,7331.622049,ok,,634f982543106c1144a3ee32fca8048ae1a11305,2466
tnn_31_806_1,806,46872,0.14448160535117058,true,true,1,0,12,NaN,NaN,NaN,3,3,0.46153846153846156,211.37609156891895,0.06555322351883319,3.935329231080847,186,1.0,1051.573003,8410.074172,ok,,cc3c63a0e035bebaf559076a76aead48edd8d45b,567356
tnn_31_806_2,806,46872,0.14448160535117058,true,true,1,0,13,NaN,NaN,NaN,3,3,0.46153846153846156,211.376091568919,0.06555322351903214,3.935329231080728,185,1.0,1066.9016570000001,8076.865315999999,ok,,492e5d249461de1ca7bd66937c6ef8fa219f1f9b,568206
tnn_39_1014_1,1014,73944,0.14397448553420913,true,true,1,0,12,NaN,NaN,NaN,3,3,0.46153846153846156,266.7880313937223,0.0519378339575951,3.948617794872946,234,1.0,932.2462879999999,7434.933206000001,ok,,8284e4a037025f2c1b6dd6e2a0d1244096314361,897852
tnn_39_1014_2,1014,73944,0.14397448553420913,true,true,1,0,12,NaN,NaN,NaN,3,3,0.46153846153846156,266.7880313937227,0.05193783395782248,3.9486177948728964,235,1.0,920.206569,7988.571292,ok,,9577f25427ca13c4b7274ff98a167bb69b7fb53b,898460
tnn_3_78_1,78,504,0.16783216783216784,true,true,1,0,13,7.5497472e7,0.5397820684040365,0.06847160186420541,4,3,0.46153846153846156,18.09051195760963,0.7657612578881121,3.335797721452923,12,0.9727577195952972,912.660309,6288.154001,ok,,54755c1535381373cdd6a2e7865e2625c223a9a3,5494
tnn_3_78_2,78,504,0.16783216783216784,true,true,1,0,13,8.05306368e8,0.5145446631680513,0.07740678559090945,4,3,0.46153846153846156,18.09051195760963,0.7657612578881121,3.3357977214529217,12,0.9727577195952972,924.2286899999999,6350.094276,ok,,84049293573c66c2f8aa537023792c1d400129d2,5516
tnn_4_104_1,104,864,0.16131441374159822,true,true,1,0,13,1.54618822656e11,0.5063469791785601,0.06739999956330638,3,3,0.46153846153846156,24.81013607302946,0.558428807251353,3.4984986899579713,16,1.0,902.973382,6255.712439,ok,,118cee24235169e92b8a3bd9c146d41c514c45b1,9762
tnn_4_104_2,104,864,0.16131441374159822,true,true,1,0,12,1.54618822656e12,0.4909363032959346,0.07342363162971641,3,3,0.46153846153846156,24.810136073029454,0.5584288072513566,3.498498689957966,25,1.0,880.889306,6377.140303,ok,,c65a6e82c2927f068168458302696fbc529353b6,9530
tnn_7_182_1,182,2520,0.1529961750956226,true,true,1,0,12,NaN,0.45189667179801746,NaN,2,3,0.46153846153846156,45.34051747481483,0.30559673823985634,3.7125438693485333,41,1.0,917.6023319999999,6289.4816550000005,ok,,60efe4d50d43de44ef57f9f396aa0d2b984fbdd3,29838
tnn_7_182_2,182,2520,0.1529961750956226,true,true,1,0,13,NaN,0.44553809391721394,NaN,2,3,0.46153846153846156,45.34051747481483,0.30559673823985634,3.7125438693485577,26,1.0,916.7940150000001,6699.978212999999,ok,,452cd6fbbb0b2b16c0e5a8663d61215f573c39c9,29964
usr_14_406_1,406,79373,0.9654320987654321,true,true,1,0,3,NaN,NaN,NaN,1,1,1.0,390.9999999999997,375.9999999999996,388.8074175964324,196,0.0,1275.363622,9083.803505,ok,,7d2c9bba128e53ca0dcd45bcbdb1c643c85340d4,87834
usr_14_406_2,406,79373,0.9654320987654321,true,true,1,0,3,NaN,NaN,NaN,1,1,1.0,390.9999999999997,375.9999999999996,388.8074175964324,196,0.0,1081.7607389999998,7947.422172,ok,,08161e7d7361a182a93dd42c4507dd4e90d48d79,87834
usr_1_29_1,29,203,0.5,true,true,1,0,2,3.0,0.7299921293721221,0.01541759669770028,1,1,1.0,14.000000000000012,10.807417596432753,11.807417596432744,14,0.0,1015.880023,7005.12405,ok,,1df822bae7104126892956549c9f29cf7523bafe,448
usr_1_29_2,29,203,0.5,true,true,1,0,2,1.0,0.9999999999999993,0.0,1,1,1.0,13.999999999999998,10.807417596432742,11.80741759643274,14,0.0,1091.57954,7349.706332000001,ok,,0875ee0755444c38ce19b7d5b6ff7bda9ceee0aa,448
usr_21_609_1,609,180873,0.9769736842105263,true,true,1,0,3,NaN,NaN,NaN,1,1,1.0,594.0000000000006,579.0000000000005,591.8074175964317,294,0.0,1096.993777,8351.462749,ok,,147c1eb190976a5b2e3045147a7635180ad5efb6,197608
usr_21_609_2,609,180873,0.9769736842105263,true,true,1,0,3,NaN,NaN,NaN,1,1,1.0,593.9999999999995,578.9999999999994,591.8074175964318,294,0.0,1074.995517,8726.070577,ok,,f928b67f6aaca469b3973757070c9a13059f51ae,197608
usr_28_812_1,812,323582,0.9827373612823674,true,true,1,0,3,NaN,NaN,NaN,1,1,1.0,796.9999999999994,781.9999999999993,794.8074175964317,392,0.0,1085.136392,7571.0911049999995,ok,,990f1c20491d40c8830e53f13b932f0b1ef5b770,351286
usr_28_812_2,812,323582,0.9827373612823674,true,true,1,0,3,NaN,NaN,NaN,1,1,1.0,796.9999999999991,781.999999999999,794.8074175964313,392,0.0,1071.625158,8495.301123000001,ok,,5a3019a4078e4d6b2615db9330e324def3bf3df7,351286
usr_2_58_1,58,1247,0.7543859649122807,true,true,1,0,2,6.0,0.8174047241941365,0.009929049606157772,1,1,1.0,43.00000000000003,28.00000000000002,40.80741759643272,28,0.0,973.148248,6840.177807,ok,,2ceb0899fa6fecacf22399b14a7bd51af6620219,1794
usr_2_58_2,58,1247,0.7543859649122807,true,true,1,0,2,2.0,0.9293625049667358,0.0038410807133131535,1,1,1.0,43.0,28.000000000000014,40.80741759643271,28,0.0,965.966562,6916.177821,ok,,a0e54eb420f4cf4d47556878fa762484e091f212,1794
usr_34_986_1,986,478703,0.9857868020304569,true,true,1,0,3,NaN,NaN,NaN,1,1,1.0,971.0,955.9999999999999,968.8074175964309,476,0.0,1096.77634,8901.464004,ok,,31c73aaa7d014ee1fea099fe5276ea85bfad7760,517954
usr_34_986_2,986,478703,0.9857868020304569,true,true,1,0,3,NaN,NaN,NaN,1,1,1.0,971.0000000000005,956.0000000000003,968.8074175964312,476,0.0,1071.522704,8304.212936,ok,,68941c8a4d267a9362f8840c3276db022f64cc5f,517954
usr_3_87_1,87,3132,0.8372093023255814,true,true,1,0,3,12.0,0.8465056890146662,0.008155608273247949,1,1,1.0,72.00000000000003,57.00000000000003,69.8074175964327,42,0.0,968.9614680000001,6758.209954,ok,,fcecc25d67c7b6a7cbecf02c4b56e4263ad61d20,4036
usr_3_87_2,87,3132,0.8372093023255814,true,true,1,0,3,2.0,0.9571838447530595,0.0022749493953165075,1,1,1.0,72.00000000000009,57.000000000000085,69.8074175964327,42,0.0,964.289669,6569.937998,ok,,1e8ed364abbf74ad53e1af8956c0b2d2302b71e4,4036
usr_4_116_1,116,5858,0.8782608695652174,true,true,1,0,3,12.0,0.8918462474616768,0.005664083662542458,1,1,1.0,101.00000000000003,86.00000000000003,98.80741759643269,56,0.0,989.0031809999999,6703.835016,ok,,5f522bffe7c0105379e739c702ec929a4074cb00,7174
usr_4_116_2,116,5858,0.8782608695652174,true,true,1,0,3,4.0,0.9396625473674736,0.0031599123624880664,1,1,1.0,101.0,85.99999999999997,98.8074175964327,56,0.0,871.796372,5984.404573,ok,,493f74c4f4e2d56c86289388e7988e6c1151a2d5,7174
usr_7_203_1,203,19082,0.9306930693069307,true,true,1,0,3,NaN,0.9202614644847186,NaN,1,1,1.0,188.00000000000003,173.0,185.8074175964326,98,0.0,873.7525440000001,6210.1795759999995,ok,,26cfe16aed1537f86ce14701829892519341d707,21964
usr_7_203_2,203,19082,0.9306930693069307,true,true,1,0,3,NaN,0.9537293855367145,NaN,1,1,1.0,188.00000000000009,173.0,185.8074175964326,98,0.0,883.8248130000001,6067.535440000001,ok,,c4ae95658100837f6c11306387b6d3a5bd55e3a2,21964
